﻿{"cameraMode":{"drawMode":0,"name":"Shaded","section":"Shading Mode"},"sceneLighting":true,"audioPlay":false,"sceneViewState":{"showFog":true,"showMaterialUpdate":false,"showSkybox":true,"showFlares":true,"showImageEffects":true,"showParticleSystems":true},"in2DMode":false,"pivot":{"x":22.220741271972658,"y":-11.411983489990235,"z":-11.599227905273438},"rotation":{"x":-0.0802236869931221,"y":0.9172295331954956,"z":-0.2379329949617386,"w":-0.30926182866096499},"size":112.35433959960938,"orthographic":false}